employee_id,name,phone,job_role,work_location,salary
1,Krystal Johnson,+1-294-626-8748,Administrative Assistant,"Syndney, Australia",138043
2,Marisa Mills MD,001-207-842-9655x316,Project Manager,"Washington, DC",224501
3,Patricia Maldonado,852-500-5408,Database Developer,"London, UK",83124
4,Yvette Stewart,411.566.3376,Civil Engineer,"San Francisco, California",195664
5,Timothy Marsh,+1-492-379-9257x0019,Mechanical Engineer,"Washington, DC",215305
6,Mike Reed,(708)510-8597x4520,Project Manager,"Hartford, Connecticut",71269
7,Stephen Fisher,368.581.7900x4311,Civil Engineer,"Boston, Massachusetts",231769
8,Benjamin Hawkins,8797201074,SEO,"Austin, Texas",199784
9,Charles Black,+1-370-578-2218x6312,Quality Assurance,"Washington, DC",148108
10,Alyssa Harris,230.744.3729x01849,Recruiter,"Boston, Massachusetts",96357
11,John Huffman,(848)545-5821,Accountant,"Tampa Bay, Florida",243208
12,Marvin Hernandez,243.407.6908x1167,Branch Manager,"Boston, Massachusetts",40618
13,Alex Butler,319.241.2838x908,Marketing,"Boston, Massachusetts",98371
14,Lance Smith,001-239-857-9057,Network Engineer,"Austin, Texas",58366
15,Michael Bradley,+1-818-838-4150x92056,Accountant,"Washington, DC",158676
16,Mary Cunningham,001-845-736-6965,Operations Manager,"Tokyo, Japan",229330
17,Krystal Fisher,493.329.2676x851,CEO,"Tampa Bay, Florida",208433
18,Brandon Chapman,869-595-8873,Project Manager,"Rowley, North Carolina",126266
19,David Schultz,6372367630,Marketing Inter,"Rowley, North Carolina",150271
20,Samantha Hughes,+1-493-726-6027x2959,Database Developer,"Syndney, Australia",183641
21,Steven Johnson,001-217-571-9678x6612,Executive Director,"Tokyo, Japan",182502
22,Kirsten Ramos,+1-787-501-2092x92850,Administrative Specialist,"San Francisco, California",124809
23,Victor Brooks,(615)534-6186x203,Chief Information Officer,"Austin, Texas",210661
24,April Johnson,8937387515,CEO,"London, UK",179124
25,Terry Jones,5316097694,General Manager,"Washington, DC",84626
26,Amanda Ortiz,001-514-586-4127x08176,Information Technology,"Tokyo, Japan",222947
27,Nicole Miller,(227)692-5073x626,Network Engineer,"Washington, DC",198965
28,David Hernandez,+1-808-324-3381x406,Maintenance Worker,"Hartford, Connecticut",154014
29,Anne Moore,225-751-6655,Accountant,"Tampa Bay, Florida",65175
30,Jeremy Ortiz,5503635124,Communications Specialist,"Austin, Texas",241827
31,Russell Smith,392-944-2689x33004,Quality Assurance,"Boston, Massachusetts",101530
32,Stephen Thomas,(515)460-2747x160,Administrative Specialist,"Hartford, Connecticut",53315
33,Lisa Garcia,2279367821,Recruiter,"San Francisco, California",193571
34,Caroline Castaneda,3602776508,Information Technology,"Tampa Bay, Florida",57613
35,Teresa Parker,529.934.4076,Executive Director,"Washington, DC",127625
36,Alexis Johnson,493.359.3867,Accountant,"Rowley, North Carolina",67165
37,Shannon Reyes,771.509.6389x41233,Data Analyst,"London, UK",182960
38,Tiffany Jones,(996)475-2686x79459,Custodian,"London, UK",167273
39,Jonathan Carroll,+1-772-739-1484x581,SEO,"Boston, Massachusetts",243722
40,Gregory Clark,534.657.7193x092,Industrial EngineerSoftware Engineer,"London, UK",215705
41,Richard Koch,856.499.6933x0643,Accountant,"Washington, DC",42026
42,Andrew Bennett,001-207-535-9934x816,Recruiter,"Rowley, North Carolina",38928
43,Trevor Bishop,(505)313-0809x0266,Quality Assurance,"San Francisco, California",123027
44,Emma Yang,592.681.6791x8802,Administrative Assistant,"Hartford, Connecticut",124757
45,David Mcmillan,001-634-416-1605x633,Database Developer,"Tokyo, Japan",113836
46,Christopher Miles,+1-449-333-5152x9951,Network Engineer,"London, UK",175788
47,Scott Hughes,243-574-4535x1700,Graphic Designer,"Boston, Massachusetts",178467
48,Jeffrey Jackson MD,(786)939-7177x6465,Chief Information Officer,"London, UK",59173
49,Denise Patel,9013460949,Civil Engineer,"San Francisco, California",194311
50,Jonathan Meyer,+1-659-489-4845x603,Network Engineer,"Tampa Bay, Florida",192857
51,Gary Gonzalez,(492)493-1962,Project Manager,"Chicago, Illinois",230808
52,Sarah Ramirez,(725)746-8592x3013,Maintenance Worker,"Austin, Texas",137516
53,Jennifer Sanchez,766.993.0764,Recruiter,"Syndney, Australia",167158
54,Nicholas Nguyen,978-961-5183x552,Communications Specialist,"Tampa Bay, Florida",189295
55,Craig Fields,467-849-8608x1845,Branch Manager,"Hartford, Connecticut",178541
56,Sharon Gay,661.674.9390,CEO,"Boston, Massachusetts",213211
57,Kevin Lewis,001-701-752-6688x70962,Information Technology,"San Francisco, California",215401
58,Jason Lam,689-241-5561,Recruiter,"Washington, DC",52783
59,Phillip Smith,001-592-290-7354,Communications Specialist,"San Francisco, California",153881
60,Renee Ford,(438)489-8145x161,Recruiter,"Syndney, Australia",121297
61,David Coffey,945-345-5399x16472,Quality Assurance,"Tampa Bay, Florida",107252
62,Cynthia Orozco,001-352-366-7192x962,Mechanical Engineer,"Boston, Massachusetts",240035
63,Emma Ewing,001-589-782-4345x2551,SEO,"Boston, Massachusetts",165531
64,Dean Williams,601.658.7098,Accountant,"Boston, Massachusetts",249156
65,Mr. Bruce Peterson,(363)648-7284x0100,Marketing,"Austin, Texas",128173
66,Mrs. Jennifer Garcia,8762406744,Communications Specialist,"Washington, DC",40355
67,Elizabeth Kane,944.481.6307,Administrative Assistant,"Syndney, Australia",211580
68,Cody Spencer,616.562.8080x140,Marketing Inter,"Austin, Texas",111388
69,Amber Diaz,001-620-584-5667,Graphic Designer,"Boston, Massachusetts",130096
70,Jonathan Koch,626-418-5431x13085,Project Manager,"Tokyo, Japan",72108
71,Douglas Nguyen,623.567.3456x335,Marketing,"Boston, Massachusetts",99748
72,Kayla Gonzalez,+1-514-756-1596x51235,Industrial EngineerSoftware Engineer,"Hartford, Connecticut",193248
73,Daniel Snyder,(497)707-8355,Civil Engineer,"Hartford, Connecticut",195395
74,Jasmine Hutchinson,+1-543-977-1116,Civil Engineer,"Chicago, Illinois",235771
75,Amy Gardner,+1-462-688-1358x95159,Recruiter,"Boston, Massachusetts",213920
76,Tonya Anderson,225.485.9179x0586,Custodian,"Chicago, Illinois",47772
77,Dennis Mack,717.828.1490x07250,Operations Manager,"Boston, Massachusetts",122202
78,Karen Carney,+1-804-466-6064x02685,Human Resources,"Boston, Massachusetts",180535
79,Willie Garcia,+1-835-855-4030x855,General Manager,"London, UK",248985
80,Carlos Mccormick,769.727.7405x702,Operations Manager,"Austin, Texas",115209
81,Katelyn Howard,(370)273-1391,Secretary,"Austin, Texas",158667
82,Alexandria Wright,+1-228-916-0241x159,CEO,"Chicago, Illinois",55986
83,Mr. Kelly Cole,367.258.0171x514,SEO,"San Francisco, California",99557
84,Maria Hughes,(728)495-1649,Information Technology,"Washington, DC",223705
85,Cathy Hurley,+1-275-780-7348x207,Executive Director,"Hartford, Connecticut",225296
86,Mark Burgess,542.800.9741x746,Accountant,"Syndney, Australia",75305
87,Tammy Wilson,(992)357-2846,Branch Manager,"Rowley, North Carolina",180667
88,Steve Harrison,+1-883-759-7185x33896,Industrial EngineerSoftware Engineer,"Rowley, North Carolina",145779
89,Susan Lyons,001-266-216-9151x04033,General Manager,"London, UK",66742
90,Erin Jordan,3359448734,Database Developer,"Austin, Texas",213915
91,Don Perez,001-203-562-7907x6094,Graphic Designer,"Syndney, Australia",88483
92,Tracy Chandler,805-956-0907x4778,Branch Manager,"Tokyo, Japan",232968
93,Alicia Ryan,4792599616,Marketing Inter,"Hartford, Connecticut",117559
94,Teresa Rice,(888)985-7951x43082,CEO,"Syndney, Australia",113097
95,Wanda Valencia,4743190514,Executive Director,"London, UK",111600
96,Gregory Garza,001-971-616-3284x445,Information Technology,"Austin, Texas",216238
97,Jeffrey Reed,5574170465,Executive Director,"Austin, Texas",148899
98,Meagan Miller,(211)341-4293,Quality Assurance,"Rowley, North Carolina",208128
99,Frances Steele,(645)872-6742,Administrative Assistant,"London, UK",151916
100,Laura Harris,299.733.2517x250,Marketing Inter,"Tampa Bay, Florida",72632
101,Cathy Phillips,972.759.8130x609,Marketing,"London, UK",112529
102,Marc Knight,001-782-996-6868x01814,Executive Director,"Syndney, Australia",207092
103,Frank Woods,001-947-661-4789x637,CEO,"Austin, Texas",135419
104,Jessica Luna,+1-936-597-2166x53333,SEO,"Tokyo, Japan",196325
105,Bradley Caldwell,758-358-9960,Administrative Assistant,"Syndney, Australia",126162
106,Kelly Schroeder,2723006560,Branch Manager,"Tampa Bay, Florida",100679
107,Alejandro Wilson,454-529-8139,Communications Specialist,"Tokyo, Japan",226913
108,Anna Turner,001-687-217-2274x83013,Chief Information Officer,"Chicago, Illinois",114725
109,Stephanie Martin,+1-480-257-9146x904,Chief Information Officer,"Austin, Texas",163658
110,Christine Williams,496-864-1794x89237,Communications Specialist,"London, UK",233318
111,Adrienne Wong,(937)449-4218,Telemarketing Representative,"London, UK",158559
112,Michelle Chavez,317.343.2071,Civil Engineer,"London, UK",244945
113,James Wilkerson,(796)761-5434x547,Recruiter,"Tampa Bay, Florida",229608
114,Sean Yoder,+1-778-510-7481x2978,Database Developer,"Washington, DC",238458
115,Timothy Hardy,3193221617,Graphic Designer,"Syndney, Australia",37704
116,Holly Allen,(925)682-2248x36824,Branch Manager,"Tampa Bay, Florida",183018
117,Angela Hill,(328)978-9059x8291,Chief Information Officer,"Austin, Texas",148538
118,Michael Spencer,001-615-813-2150,Communications Specialist,"Chicago, Illinois",231430
119,Andrew Parks,2388849991,Branch Manager,"Rowley, North Carolina",122274
120,Mary Wilcox,001-840-592-6504x220,Database Developer,"Washington, DC",181911
121,John Harris,+1-810-241-7862x94946,Branch Manager,"Austin, Texas",205065
122,Mr. Roger Morris,282.808.3523,Executive Director,"San Francisco, California",142295
123,Christopher George,806.867.2450x035,Communications Specialist,"Tokyo, Japan",184619
124,Michele Castillo,001-559-857-9621,Human Resources,"Syndney, Australia",193768
125,Shawn Vazquez,398.595.1759x426,Executive Director,"Washington, DC",58773
126,Stacey Lopez,352-629-8261x83707,Chief Information Officer,"Rowley, North Carolina",144451
127,Mark Spears,001-318-314-0466,Marketing,"Chicago, Illinois",180306
128,Peter Woodard,(653)307-2853x52742,Chief Information Officer,"Syndney, Australia",229300
129,Sergio Jones,966-555-6282x475,Marketing Inter,"Tampa Bay, Florida",172401
130,Wendy Bishop,(816)321-1476x97050,Security,"San Francisco, California",125433
131,Anna Clark,767.592.2007,Operations Manager,"Rowley, North Carolina",222115
132,Holly Hudson,308-845-1449,General Manager,"Boston, Massachusetts",101299
133,Harry Lawrence,(540)897-6182,Accountant,"Tokyo, Japan",75081
134,Thomas Wyatt,+1-209-983-3930x3736,Database Developer,"Boston, Massachusetts",77423
135,Diana Hampton,(779)587-2599,Maintenance Worker,"Washington, DC",188623
136,Mr. Joel Preston,(525)720-3113x97654,Executive Director,"Syndney, Australia",225828
137,Tyler Charles,001-649-621-5115x51668,Quality Assurance,"Tokyo, Japan",89069
138,Shannon Oliver,899-409-1999,Marketing,"Boston, Massachusetts",142038
139,Jon Meyer,001-276-891-2311x226,Maintenance Worker,"Tokyo, Japan",107690
140,Daniel Johnson,+1-519-629-8049,Marketing,"Chicago, Illinois",113730
141,Jeffrey Moore,258-947-9252,Communications Specialist,"London, UK",85568
142,Daniel Keller,(219)802-2824x2021,Project Manager,"Rowley, North Carolina",220298
143,Barbara Huff,(858)961-3952x0736,Custodian,"Washington, DC",189564
144,Marilyn Foley,272-848-7365x211,Secretary,"Syndney, Australia",164443
145,Denise Johnson,(648)298-8308x247,Communications Specialist,"Rowley, North Carolina",51493
146,Andrew Logan,(637)806-8824,Accountant,"Tokyo, Japan",65871
147,Ruben Jacobson,214.490.0088x2584,Quality Assurance,"Austin, Texas",83536
148,Joshua Taylor,684-676-8433x76739,Administrative Assistant,"Hartford, Connecticut",126525
149,Dylan Ramos,520.750.6101,Administrative Assistant,"Tokyo, Japan",152171
150,Erica Armstrong,(204)894-8676,Maintenance Worker,"Austin, Texas",182324
151,Christopher Avila,001-383-666-1968x9884,Administrative Specialist,"Chicago, Illinois",75679
152,Sandra Malone,815.473.0075x95034,Information Technology,"Chicago, Illinois",232252
153,Michael Hinton,255.560.5112,Security,"Rowley, North Carolina",175837
154,Susan Perez,(842)262-6560,Maintenance Worker,"Boston, Massachusetts",223331
155,Joshua Case,876.244.3383x384,Maintenance Worker,"Boston, Massachusetts",45120
156,Steve Gentry,428.704.4908x2670,Marketing Inter,"Hartford, Connecticut",90200
157,Teresa Sandoval,(922)732-7934x135,Administrative Specialist,"Chicago, Illinois",129723
158,John Williams,(476)292-1383,Quality Assurance,"Rowley, North Carolina",207890
159,James Collins,819.414.2592x618,Telemarketing Representative,"Austin, Texas",139240
160,Craig Gordon,(691)410-5420,CEO,"Austin, Texas",101422
161,Brandon Owens,2783622635,CEO,"Tokyo, Japan",92515
162,Benjamin Aguilar,001-491-794-9965x32731,Mechanical Engineer,"Boston, Massachusetts",46663
163,Sarah Hughes,740.385.4203x4518,Marketing,"Chicago, Illinois",94087
164,Theresa Anderson,(917)361-4798x605,Security,"Tampa Bay, Florida",169395
165,James Robinson,3574086328,Secretary,"Tampa Bay, Florida",107034
166,Jeffrey Anderson,658-503-3156x287,Civil Engineer,"Hartford, Connecticut",65966
167,Charles Medina,(461)245-8222,Network Engineer,"Washington, DC",82546
168,Emily Turner,223.356.0196,Operations Manager,"San Francisco, California",140728
169,Joann Anderson,605.985.2777,Accountant,"Washington, DC",60983
170,Rachel Mercer,(901)649-4717,Administrative Assistant,"Hartford, Connecticut",163940
171,Julian Becker,001-246-917-8557x2397,Recruiter,"Washington, DC",66696
172,Cory Miller,261-419-7922x69582,Network Engineer,"Boston, Massachusetts",32789
173,Laura Peters,915.729.1980,Information Technology,"Rowley, North Carolina",70882
174,Kyle Baker,967.223.5500x252,General Manager,"Hartford, Connecticut",175347
175,Nicholas Suarez,+1-624-581-2313x10776,Database Developer,"Tokyo, Japan",105466
176,Derek Davis,001-875-462-6727,SEO,"Hartford, Connecticut",130940
177,David Torres,(443)352-4494x34427,Database Developer,"Syndney, Australia",125629
178,Samantha Glover,+1-404-517-0266x1264,Project Manager,"Hartford, Connecticut",231321
179,Matthew Stark,(708)274-1554x115,Actuary,"Tampa Bay, Florida",185849
180,Scott Clark,4883102415,General Manager,"Tokyo, Japan",30223
181,Jason Harrison,804-989-0470,Secretary,"Boston, Massachusetts",160516
182,Christina Miller,001-965-396-2003x569,Marketing Inter,"Chicago, Illinois",153251
183,Mary Smith,878-382-6906x1213,Accountant,"San Francisco, California",165896
184,Adrienne Estrada,998-474-7927x09401,Project Manager,"Austin, Texas",155151
185,Crystal Anderson,921.290.5516x999,Maintenance Worker,"Washington, DC",166620
186,Sabrina Clark,3045916659,Civil Engineer,"Rowley, North Carolina",153843
187,Jessica Bell,(910)978-7131,Custodian,"Rowley, North Carolina",155984
188,Brandon White,(288)925-5710x847,Quality Assurance,"Rowley, North Carolina",153386
189,Deanna Graham,+1-489-781-9679,Civil Engineer,"Chicago, Illinois",240631
190,Allison Palmer,(617)992-8590,General Manager,"Chicago, Illinois",103358
191,Monica Gould,+1-533-595-1295x86296,Secretary,"Tampa Bay, Florida",78682
192,Christina Cole,+1-818-814-7555x284,Industrial EngineerSoftware Engineer,"Boston, Massachusetts",54899
193,Nicholas Barrera,493-479-9692,Information Technology,"Rowley, North Carolina",182496
194,Abigail King,9734274377,Branch Manager,"Hartford, Connecticut",236650
195,Christopher Barber,+1-803-673-2619x85148,Marketing Inter,"San Francisco, California",246423
196,Jennifer Miller,985-939-7289,General Manager,"Tokyo, Japan",57169
197,Kathryn Brown,+1-239-538-4577,Industrial EngineerSoftware Engineer,"Chicago, Illinois",241022
198,Danny Leonard,+1-594-952-8609x31701,CEO,"London, UK",170672
199,Elizabeth Rodriguez,396.814.3426x9785,Information Technology,"San Francisco, California",196560
200,Donald Adams,+1-834-554-0415x08634,Graphic Designer,"Chicago, Illinois",107639
201,Krista Green,001-840-988-2175,Administrative Specialist,"Hartford, Connecticut",182473
202,Daniel Williamson,203-395-3393x35102,Security,"Chicago, Illinois",146207
203,James Wright,859.597.8493x6920,Marketing Inter,"Boston, Massachusetts",233511
204,Nathan Contreras,619-739-4629,Graphic Designer,"Austin, Texas",112263
205,Timothy Jacobson,414.437.9867x0535,Database Developer,"Syndney, Australia",209502
206,Mr. Anthony Hanna,936.659.6555,General Manager,"Hartford, Connecticut",142388
207,John Carter,668-595-8292,Executive Director,"Washington, DC",227491
208,Thomas Sanchez,213-224-9280x38503,Data Analyst,"Tokyo, Japan",184381
209,Cynthia Jimenez,515-715-4145,Project Manager,"Tampa Bay, Florida",127454
210,Alison Ross,(313)981-0152,Project Manager,"Rowley, North Carolina",247643
211,James Morgan,(486)206-5909x0695,Custodian,"Tampa Bay, Florida",244617
212,Mary Hughes,(615)910-7552x063,Maintenance Worker,"Boston, Massachusetts",132717
213,Helen Crawford,(397)724-7042x91582,SEO,"San Francisco, California",184736
214,Jeremy Thomas,001-319-766-0104x99433,Secretary,"Rowley, North Carolina",202570
215,Randall Anderson,001-690-683-0042x729,Operations Manager,"Tampa Bay, Florida",161613
216,Mercedes Norman,(714)497-2826x1366,Recruiter,"Tokyo, Japan",60660
217,Mike Thomas,247.204.8307,Secretary,"Chicago, Illinois",156083
218,Christina Henderson,573.587.7090x0003,Branch Manager,"London, UK",226704
219,Dawn Cook,769-937-6636x6288,General Manager,"Austin, Texas",96768
220,Christopher Johnson,001-338-639-5640x82926,SEO,"London, UK",102941
221,Marissa Simon,001-461-633-7439x39360,Marketing,"Tokyo, Japan",32944
222,Henry Carpenter,+1-676-806-8374x6344,Quality Assurance,"Washington, DC",39395
223,Anita Dixon,+1-248-975-2082x6793,Recruiter,"London, UK",45910
224,Jeffrey Turner,(452)955-8847,Project Manager,"Tokyo, Japan",31030
225,Roy Alvarez,536-902-2851x32434,Chief Information Officer,"Tokyo, Japan",54956
226,Reginald Rodriguez,001-206-252-5652x360,Information Technology,"Syndney, Australia",168125
227,Michael Duarte,(544)400-3243,CEO,"Hartford, Connecticut",59233
228,David Pearson,001-866-680-1977,Secretary,"Boston, Massachusetts",236793
229,Elizabeth Perry DDS,599-956-4493x493,SEO,"Austin, Texas",140801
230,Jade Torres,(212)254-5697,Operations Manager,"Tampa Bay, Florida",50132
231,Mr. Rick Martinez,+1-615-369-3985x120,Graphic Designer,"Hartford, Connecticut",242802
232,Tina Pena,974.605.5095x4891,CEO,"Chicago, Illinois",194060
233,Bruce Leach,814.689.1788,Information Technology,"Chicago, Illinois",143526
234,Jonathan Wells,001-838-387-1107x69533,Information Technology,"Austin, Texas",95866
235,Sean Parsons,666-591-3086x90232,CEO,"Chicago, Illinois",64236
236,Vanessa Santos,661-574-0354,Executive Director,"London, UK",54822
237,Erika Kelley,5819184139,Quality Assurance,"Hartford, Connecticut",85980
238,Anthony Chase,001-391-819-1694x1228,Recruiter,"Tokyo, Japan",53258
239,Stephanie Holt,+1-927-954-4499,Marketing,"Boston, Massachusetts",89652
240,Jennifer Dunlap,+1-306-716-2961,Branch Manager,"Syndney, Australia",94942
241,Kyle Hill,001-984-456-8232x333,Operations Manager,"London, UK",36513
242,Charles Mendoza,579.495.0962,Telemarketing Representative,"Hartford, Connecticut",249859
243,Joseph Mendoza,(349)768-9239x57182,Marketing Inter,"London, UK",199363
244,Nicholas Vasquez,355.719.1278x87197,Civil Engineer,"Hartford, Connecticut",131836
245,David Smith,+1-328-778-7007x307,Chief Information Officer,"Syndney, Australia",93838
246,John Ayala,3263607267,Information Technology,"Austin, Texas",116330
247,Colleen Lang,001-956-237-9352x640,Marketing Inter,"Tampa Bay, Florida",72793
248,Ivan Lee,001-675-699-7626x8133,Information Technology,"London, UK",144826
249,Amanda Nichols,001-302-245-8723x0507,Recruiter,"Hartford, Connecticut",50345
250,Tiffany Brady,001-265-442-5583x916,Quality Assurance,"Tokyo, Japan",160194
251,Rachel Hansen,(706)474-5666x554,Executive Director,"London, UK",126060
252,Warren Martinez,946.475.8707x43786,Chief Information Officer,"Tokyo, Japan",239742
253,Cassandra Hood,+1-347-936-3576x917,Recruiter,"Chicago, Illinois",67681
254,Paul Powell,(561)349-3882,Project Manager,"Tokyo, Japan",202419
255,Jasmine Mckay,812-733-7562x6673,Maintenance Worker,"Austin, Texas",149701
256,Martha Taylor,(979)526-2182x82832,Database Developer,"Austin, Texas",139677
257,Kayla Klein,9498290827,Communications Specialist,"Hartford, Connecticut",111799
258,Rebecca Kim,001-410-940-9711,Administrative Specialist,"Syndney, Australia",165803
259,Olivia James,001-292-822-7806,Database Developer,"London, UK",109586
260,Katherine Reyes,669-965-7224x28171,Administrative Assistant,"Austin, Texas",43737
261,Timothy Allen,(958)579-0621x06951,Graphic Designer,"London, UK",233226
262,Dale Black,(883)249-9744,Accountant,"Washington, DC",74117
263,Rachel Perez,640-350-8976x50348,Administrative Assistant,"Tokyo, Japan",46664
264,Jennifer Mitchell,524-268-5374x697,Administrative Assistant,"Syndney, Australia",213702
265,Cathy Holmes,(659)855-4030x5825,Recruiter,"Tokyo, Japan",181405
266,Michael Aguirre,(420)330-1554,Information Technology,"Boston, Massachusetts",164904
267,Catherine Williams,952.221.7039x662,Maintenance Worker,"San Francisco, California",183738
268,Kyle Gonzales,(238)353-0284x362,Custodian,"Tampa Bay, Florida",75437
269,David Durham,643-732-6258,SEO,"San Francisco, California",91263
270,Mr. Kelly Taylor,+1-980-879-2573,Accountant,"San Francisco, California",155719
271,John Ware,630-958-9390,Data Analyst,"Boston, Massachusetts",239357
272,Jennifer Fisher,378.342.2997x9340,Actuary,"Washington, DC",152487
273,Juan Alvarez,(782)253-3067x28970,Project Manager,"Washington, DC",236731
274,Nancy Dunn,(735)782-8588x27380,Recruiter,"Boston, Massachusetts",125147
275,Zachary Morrison,(740)418-7988x35865,Human Resources,"Rowley, North Carolina",231420
276,Curtis Gibson,(567)207-7177,Telemarketing Representative,"Rowley, North Carolina",121202
277,Michelle Stewart,595-455-0247,Branch Manager,"Washington, DC",245839
278,Brandon Blankenship,+1-757-556-8239x992,Recruiter,"Rowley, North Carolina",80860
279,Rodney Stewart,239-216-5126,Communications Specialist,"Washington, DC",174042
280,Jonathan Saunders,+1-530-823-4913,Network Engineer,"Tokyo, Japan",94820
281,David Perez DDS,829-847-1999,Quality Assurance,"Boston, Massachusetts",70014
282,Cynthia Jordan,+1-265-471-7571x796,Marketing,"Washington, DC",127723
283,Keith Patterson,(361)572-7245x0428,Administrative Specialist,"Chicago, Illinois",33789
284,Jonathan Watson,(503)205-5166x15796,Marketing,"Chicago, Illinois",167744
285,Christopher Hull,(498)616-2367x80725,Graphic Designer,"Rowley, North Carolina",174519
286,Lindsay Miller,001-499-476-9104,Administrative Assistant,"London, UK",92902
287,Erin Sanders,(493)201-6122x913,Mechanical Engineer,"Tokyo, Japan",112827
288,Tammy Vazquez,+1-377-293-3019x460,Mechanical Engineer,"Rowley, North Carolina",87121
289,Jasmine Morris,536.454.7662x89200,Mechanical Engineer,"Boston, Massachusetts",126914
290,Cynthia Lewis,855-805-6160,Quality Assurance,"Chicago, Illinois",80361
291,Cynthia Jones,001-665-358-3999x8953,Accountant,"Syndney, Australia",95595
292,Jonathon Burke,001-344-543-0817x68927,Security,"London, UK",205450
293,Russell Rowland,237-659-4597x556,Telemarketing Representative,"London, UK",71256
294,Melissa Brown,+1-911-920-6436,Civil Engineer,"London, UK",227107
295,Timothy Hart,(429)827-2554,Telemarketing Representative,"Boston, Massachusetts",61930
296,Laurie Carpenter,3176094154,Marketing,"Boston, Massachusetts",177770
297,Luis White,731-423-9923x1640,CEO,"Rowley, North Carolina",222288
298,James Ibarra,+1-609-730-1036x617,General Manager,"Tampa Bay, Florida",135010
299,Ms. Jordan Ferguson,(852)970-9791x28334,Chief Information Officer,"Rowley, North Carolina",245856
300,Michelle Brown,001-487-651-4119x629,General Manager,"Syndney, Australia",171719
301,Jason Patton,001-637-774-7133,Industrial EngineerSoftware Engineer,"Syndney, Australia",127973
302,Tammy Johnson,001-261-367-2333x01793,Actuary,"Chicago, Illinois",203464
303,Anthony Harris DDS,384.638.9057x5712,Telemarketing Representative,"Boston, Massachusetts",108975
304,Bianca Lopez,745.411.9942,Data Analyst,"Chicago, Illinois",98886
305,Wesley Drake,(641)578-0860x7841,Communications Specialist,"Syndney, Australia",62405
306,Douglas Clark,(346)275-4055x5242,Actuary,"Tokyo, Japan",242488
307,Robert Pearson,932-384-9644x10836,Industrial EngineerSoftware Engineer,"Syndney, Australia",114305
308,Kelly Perry,001-840-339-0794,Secretary,"San Francisco, California",113597
309,Alexis Holland,+1-759-750-0595x743,Administrative Specialist,"Syndney, Australia",85902
310,Ronnie Becker,(304)946-7435x73502,Database Developer,"Boston, Massachusetts",109620
311,Robin Olson,537.602.9658x036,Executive Director,"San Francisco, California",163132
312,John Taylor,296-914-9690x845,Communications Specialist,"Washington, DC",74161
313,Michael Ferguson,001-380-429-2406x03899,Marketing,"Tokyo, Japan",172624
314,Michael Johnson,(616)985-3553x22092,Marketing,"Tampa Bay, Florida",194049
315,Spencer Gilbert,873.365.6282x5067,Recruiter,"Hartford, Connecticut",211887
316,Nicole Bautista,+1-228-258-1608x25775,Graphic Designer,"Boston, Massachusetts",243344
317,Kimberly Powell,487.969.7017x87883,General Manager,"Rowley, North Carolina",59276
318,Courtney Ross,+1-839-236-6208x571,Project Manager,"Boston, Massachusetts",162104
319,Evan Byrd MD,210-474-7377x113,CEO,"Boston, Massachusetts",79770
320,Adam Lambert,(777)693-6488,Data Analyst,"Boston, Massachusetts",198915
321,Jennifer James,(811)734-5448x974,Administrative Specialist,"Chicago, Illinois",119588
322,Edward Duran,(282)514-6313,Accountant,"Tampa Bay, Florida",107505
323,Robert Jones,001-755-672-0135x7840,Accountant,"Austin, Texas",35728
324,Mark Walker,523-289-8825x592,General Manager,"Austin, Texas",211021
325,Joseph Wang,(777)956-6836x76407,Accountant,"San Francisco, California",219321
326,Audrey Diaz,+1-915-869-0031,SEO,"Washington, DC",78858
327,Sean Lopez,001-917-633-1974x14631,Information Technology,"Hartford, Connecticut",182561
328,Kayla Meyers,(429)808-8392x807,Graphic Designer,"London, UK",117838
329,Cheryl Mason,623-554-9732,Communications Specialist,"Hartford, Connecticut",46184
330,Susan Wilson,(820)592-4295x803,General Manager,"Syndney, Australia",132196
331,Amanda Smith,636.626.9873x28071,Administrative Assistant,"Boston, Massachusetts",84614
332,Todd May,445-302-7400x9326,Actuary,"Tokyo, Japan",170081
333,Brittany Smith,+1-344-985-6512x95857,Operations Manager,"Washington, DC",238758
334,Laura Lewis,(589)450-9626x730,Branch Manager,"Syndney, Australia",166351
335,Roberta Clark,455.656.1020x331,Industrial EngineerSoftware Engineer,"Syndney, Australia",88939
336,Ryan Jones,805-606-9426,Industrial EngineerSoftware Engineer,"Syndney, Australia",219740
337,Mrs. Barbara Ayers,(991)309-3868x7445,Graphic Designer,"Hartford, Connecticut",95482
338,Douglas Clark,609-770-5033x0576,Telemarketing Representative,"Tokyo, Japan",64075
339,Jennifer Lewis,(547)554-0568x28135,Operations Manager,"Washington, DC",159245
340,Nichole Ortiz,+1-639-861-2142x63532,Network Engineer,"London, UK",151790
341,Duane Dyer,470.315.1779,Maintenance Worker,"Syndney, Australia",162771
342,Thomas Cline,(505)587-6612x5195,Project Manager,"London, UK",102945
343,Kirk Molina,(513)279-2311x6584,CEO,"Syndney, Australia",101400
344,Amanda Wood,524.788.9006,Network Engineer,"Chicago, Illinois",158539
345,Jamie Adams,+1-482-677-4062,Human Resources,"London, UK",197832
346,Lauren Rocha,001-441-738-3498x685,Actuary,"Tokyo, Japan",136933
347,Brent Hubbard,5179465853,Marketing Inter,"Boston, Massachusetts",135714
348,William Roberts,454.269.8851x8295,Telemarketing Representative,"Chicago, Illinois",84563
349,Mark Dean,847.752.6359,Chief Information Officer,"Boston, Massachusetts",141342
350,Kelly Richardson,981-294-2840,Recruiter,"San Francisco, California",58399
351,William Dawson,(878)662-5655x77371,Security,"Chicago, Illinois",34058
352,Gerald Garcia MD,385.389.6907,Data Analyst,"Hartford, Connecticut",31508
353,Kathleen Gomez,638-967-6616,Administrative Assistant,"Syndney, Australia",176419
354,Douglas Nelson,977-588-1612x25912,Secretary,"Syndney, Australia",50023
355,Mark White,337.822.0477x29749,Operations Manager,"Washington, DC",78375
356,Daniel Wilson,4852450261,Chief Information Officer,"Rowley, North Carolina",101314
357,Cynthia Mejia,+1-464-350-8238x672,Communications Specialist,"London, UK",244282
358,Joseph Choi,412.577.0007x4537,Branch Manager,"Austin, Texas",224198
359,Ryan Snyder,(318)428-3081,Operations Manager,"Chicago, Illinois",182004
360,Lindsey Carlson,295.838.1466x91299,Mechanical Engineer,"San Francisco, California",167878
361,Rebecca Martinez,+1-399-297-7500x146,Recruiter,"Syndney, Australia",175676
362,William Hernandez,001-478-438-9245x3977,Database Developer,"Tokyo, Japan",165397
363,Jose Love,931.212.6897x595,SEO,"Boston, Massachusetts",244195
364,Melanie Johnson,(604)906-4015x67389,Communications Specialist,"Austin, Texas",127931
365,Kristin Pearson,001-695-265-3737x39371,SEO,"Tampa Bay, Florida",33473
366,Michael Mooney,277.669.8719x210,Civil Engineer,"Syndney, Australia",205929
367,Carlos Melendez,760.931.3390x95923,Maintenance Worker,"San Francisco, California",249789
368,Kelsey Cooper,933-358-5006x212,Security,"San Francisco, California",222697
369,Joann Murphy,468.485.4554,Branch Manager,"Austin, Texas",191291
370,Dakota Lloyd,(810)783-0167,Administrative Assistant,"Washington, DC",112985
371,Jason Robinson,7763382799,Secretary,"London, UK",86082
372,Elizabeth Warren,719-573-5449x206,Secretary,"Austin, Texas",107105
373,Christopher Norris,287-683-0633x920,Marketing Inter,"Boston, Massachusetts",124079
374,Ashley Adkins,401.260.8083,Administrative Specialist,"Washington, DC",160026
375,Darius Jones,001-375-586-1823x3412,SEO,"Tokyo, Japan",80919
376,William Taylor,+1-435-749-9934x345,Marketing Inter,"Tokyo, Japan",233802
377,Jason Jackson,001-676-847-1148x178,Security,"Tampa Bay, Florida",157222
378,Nicholas Costa,001-715-558-7149x223,Quality Assurance,"Austin, Texas",40643
379,Christian Banks,(374)454-1611,Human Resources,"Tampa Bay, Florida",154450
380,Kelly Howard,001-737-729-0610x0282,Marketing Inter,"Tampa Bay, Florida",119366
381,Julie Phillips,001-737-773-0699x333,Marketing Inter,"Tampa Bay, Florida",79762
382,Rodney Sloan,+1-786-910-3391,Network Engineer,"Tokyo, Japan",61975
383,Amber Jackson,001-558-530-6119,Mechanical Engineer,"Hartford, Connecticut",236162
384,Anthony Cole,001-291-311-0427x703,Marketing Inter,"Austin, Texas",157667
385,Sarah Carr,(671)762-8732x42855,Security,"Washington, DC",33029
386,Patricia Reynolds,001-561-855-2289x798,Civil Engineer,"London, UK",221723
387,Paul Johnson,001-229-519-7000x22121,Chief Information Officer,"Tokyo, Japan",162668
388,Heather Henderson,459-570-0134,Operations Manager,"Tokyo, Japan",43094
389,Leah Carey,731.476.7167x26311,Marketing,"Tokyo, Japan",58829
390,Kyle Davis,928.784.4549x037,SEO,"Hartford, Connecticut",239786
391,Jordan Hughes,2113914520,Database Developer,"Hartford, Connecticut",48004
392,Tammy Hernandez,001-379-789-2341,Database Developer,"Tampa Bay, Florida",127150
393,Lisa Holloway,001-817-819-3482x2847,Information Technology,"London, UK",116060
394,Debra Cross,443-346-2411x3063,Graphic Designer,"Hartford, Connecticut",47655
395,Karen Herrera,927.435.4836,Actuary,"Austin, Texas",200750
396,Sarah Petty,+1-743-374-4277x50678,Branch Manager,"Boston, Massachusetts",38358
397,Tracey Farrell,(932)578-1613,Chief Information Officer,"Syndney, Australia",164219
398,Nancy Rodriguez,(642)396-5785x0623,Secretary,"Boston, Massachusetts",87904
399,Samantha Brooks,(561)403-0486x9507,Graphic Designer,"Tokyo, Japan",121021
400,Cody Aguirre,(389)391-9981,Actuary,"San Francisco, California",54214
401,James Hughes,819.859.8364,Telemarketing Representative,"Hartford, Connecticut",199418
402,Gina Webb,(916)825-3719x6007,Secretary,"Tampa Bay, Florida",150762
403,Lucas Ellis,(549)680-5424,Security,"Rowley, North Carolina",34528
404,Cindy Everett,334.232.4972x379,Executive Director,"San Francisco, California",141116
405,Sara Young,454-240-1404,Communications Specialist,"London, UK",57884
406,Stephen Russell,694.623.2481x87568,Project Manager,"Boston, Massachusetts",207890
407,Abigail Coleman,572-921-3651x6547,Maintenance Worker,"Tampa Bay, Florida",119230
408,Stacy Harrison,537-552-3805x4761,Information Technology,"London, UK",56424
409,Laurie Anderson,938-204-6894,Recruiter,"Boston, Massachusetts",125781
410,Francisco Hull,001-968-273-0742x210,Information Technology,"Rowley, North Carolina",113128
411,Gary Holder,209-586-4520,General Manager,"Boston, Massachusetts",148290
412,Amy Ponce,(832)563-5078x114,Telemarketing Representative,"Boston, Massachusetts",245821
413,Kendra Nelson,001-794-759-6003x299,Chief Information Officer,"Chicago, Illinois",115041
414,Jose Roy III,001-865-841-8111x14196,Mechanical Engineer,"Austin, Texas",216325
415,Susan Curtis,(247)497-2625,Administrative Specialist,"San Francisco, California",106482
416,Ariel Baker,+1-891-783-8721x679,Network Engineer,"Hartford, Connecticut",77012
417,John Dean,416.501.7184x0820,Telemarketing Representative,"Tampa Bay, Florida",230810
418,Jordan Cox,991-716-7109x3584,Operations Manager,"Washington, DC",167743
419,Peter Williams,635.794.5548x858,Project Manager,"Austin, Texas",74843
420,Lynn Freeman,3466979932,Security,"Tokyo, Japan",39213
421,Thomas Mann,001-614-369-8431,Human Resources,"London, UK",168417
422,Sarah Mccarty,213.606.2502x77605,Administrative Specialist,"Rowley, North Carolina",56112
423,Alexandra Martin,4199813421,General Manager,"San Francisco, California",136122
424,Albert Curtis,773-332-4405,Mechanical Engineer,"Tampa Bay, Florida",209118
425,Michael Murphy,001-412-730-9367x0791,CEO,"Austin, Texas",56471
426,Robert Moss,+1-515-971-6336x717,Telemarketing Representative,"Tampa Bay, Florida",35958
427,Diana Wallace,5926757428,CEO,"Boston, Massachusetts",63640
428,Robert Howell,001-735-408-6938x4736,Branch Manager,"Rowley, North Carolina",38972
429,Michael Williams,+1-874-646-8315x954,Actuary,"Tampa Bay, Florida",122654
430,Katrina Mercado,883-808-0401x8565,Custodian,"Hartford, Connecticut",51482
431,Cynthia Thomas,357.782.5187,Branch Manager,"Rowley, North Carolina",89861
432,Bryan Montgomery,411.603.2029x2920,Administrative Assistant,"Chicago, Illinois",147409
433,Danny Kirk,(359)565-3860x367,Information Technology,"San Francisco, California",55169
434,Christopher Ellis,001-455-436-6720x0506,Communications Specialist,"Boston, Massachusetts",219353
435,Kristy Johnson,+1-631-843-9736x47304,Accountant,"Tokyo, Japan",57479
436,Julie Wilson,001-691-279-1495x53167,Actuary,"Boston, Massachusetts",197486
437,Terry Kim,(820)398-1395x88954,Communications Specialist,"Boston, Massachusetts",120951
438,Chelsea Rojas,8017157555,Administrative Specialist,"Washington, DC",222507
439,Stephen Fisher,680.791.8370x525,Maintenance Worker,"London, UK",137809
440,Roberto Miranda,+1-647-459-6039x212,Quality Assurance,"Hartford, Connecticut",158646
441,Patrick Johnston,521-284-3213x3007,SEO,"Rowley, North Carolina",171851
442,Lori Campos,001-362-316-1874,Marketing,"Rowley, North Carolina",143285
443,Lawrence Hunt,+1-991-667-2704x94307,Branch Manager,"Tampa Bay, Florida",119232
444,Jennifer Jones,585.396.2568,Chief Information Officer,"Syndney, Australia",134536
445,Deborah Vasquez,798.665.3379x9397,Human Resources,"Tampa Bay, Florida",117808
446,Lori Howe,001-750-456-5099x427,Security,"Boston, Massachusetts",195201
447,David Perez,260-498-2991x2124,Mechanical Engineer,"Rowley, North Carolina",146023
448,Kevin Hernandez,+1-442-364-3321x471,CEO,"San Francisco, California",230530
449,Kari Aguirre,001-270-878-7518x2078,Accountant,"Rowley, North Carolina",76468
450,Natasha Salazar,+1-787-763-3175x6824,Telemarketing Representative,"Tampa Bay, Florida",143292
451,Christy Bond,985.930.6082x6640,Civil Engineer,"San Francisco, California",243486
452,Jordan Cabrera,001-292-372-0338,SEO,"Syndney, Australia",101728
453,Joshua Potter,(857)489-4576,CEO,"Tampa Bay, Florida",69143
454,Victoria May,(212)479-0071x078,Administrative Assistant,"Hartford, Connecticut",155375
455,Brianna Leon,553-902-1817x43371,Administrative Assistant,"Boston, Massachusetts",222441
456,Megan Walls,001-630-539-2708x451,Data Analyst,"London, UK",115441
457,Denise Simmons,316.491.0993x79501,Civil Engineer,"Tokyo, Japan",47069
458,Sarah Mathews,986-312-0326x94291,Marketing,"Rowley, North Carolina",35275
459,Ricky Peters,(805)922-3285x27115,Communications Specialist,"Chicago, Illinois",211792
460,Brian Moore,(620)323-5949,Quality Assurance,"Tampa Bay, Florida",164002
461,Catherine Harvey,880.870.5968x3267,Accountant,"London, UK",233306
462,Jennifer Sanders,871.323.9734,Information Technology,"Tampa Bay, Florida",122404
463,Adrian Robertson,574-816-9366,SEO,"Austin, Texas",171307
464,Anthony Ortiz,353-582-5780,General Manager,"Rowley, North Carolina",178022
465,Andrew Chandler,+1-249-541-5335x6610,Administrative Specialist,"San Francisco, California",245550
466,Wayne Huff,691-715-8992x709,Network Engineer,"Tokyo, Japan",179541
467,Jennifer Stevens,+1-488-440-6179x6777,Maintenance Worker,"Hartford, Connecticut",205174
468,Chelsea Gonzalez,+1-310-649-8505x358,Network Engineer,"Hartford, Connecticut",107341
469,Teresa Weiss,+1-428-368-7271x2314,Chief Information Officer,"Washington, DC",212764
470,Vanessa Chen,+1-508-494-7282x344,Network Engineer,"Hartford, Connecticut",205597
471,Veronica Lewis,868-361-9673x36069,Branch Manager,"Rowley, North Carolina",211654
472,Charles Whitaker,346-241-8144,Quality Assurance,"Chicago, Illinois",210221
473,Corey Wells,001-711-682-1889x69941,Human Resources,"Chicago, Illinois",170512
474,Pamela Summers,001-382-616-4755x17554,Executive Director,"Austin, Texas",242825
475,Robert Wilson,6866975197,Administrative Specialist,"San Francisco, California",110652
476,Jason Snyder,471.956.0134x20245,Industrial EngineerSoftware Engineer,"Tampa Bay, Florida",190595
477,Stephanie Myers,678.933.7839x61578,Secretary,"Boston, Massachusetts",222025
478,Diane Spencer,4567819632,Branch Manager,"Austin, Texas",179060
479,Jesse Hinton,630.539.9435,Industrial EngineerSoftware Engineer,"San Francisco, California",51313
480,Brittany Parker,001-864-977-5803x599,Branch Manager,"Chicago, Illinois",75740
481,Teresa Alexander,+1-477-598-2738x6758,SEO,"Austin, Texas",131748
482,John Mosley,(339)208-8274x16978,Actuary,"Syndney, Australia",204621
483,Jose Hensley,+1-302-732-3636x833,Communications Specialist,"Rowley, North Carolina",123937
484,Thomas Harris,001-568-904-1452x1167,Security,"Tampa Bay, Florida",154533
485,George Rosales,705.410.0857x7091,General Manager,"San Francisco, California",154520
486,Travis Bell,001-229-306-4144x157,Branch Manager,"Chicago, Illinois",153247
487,Ashley Choi,368-897-2842x11951,Marketing Inter,"Tampa Bay, Florida",43632
488,Victoria Wilson,(706)929-9048x958,Database Developer,"Tokyo, Japan",85752
489,Dawn Garza,291-804-9678x8467,Secretary,"Washington, DC",211064
490,Emily Marquez,671.331.2727x8899,Executive Director,"Hartford, Connecticut",115880
491,John Rosales,001-362-390-1675,General Manager,"Tampa Bay, Florida",91584
492,Christine Hensley,3353606507,General Manager,"Austin, Texas",88370
493,Danielle Wilson,+1-358-680-4943,Data Analyst,"Rowley, North Carolina",172177
494,Jane Campbell,(717)777-3122,Branch Manager,"Tampa Bay, Florida",209391
495,James Taylor,874-998-7898,Project Manager,"Hartford, Connecticut",49478
496,Patricia Johnson,(500)585-1157,Chief Information Officer,"Syndney, Australia",88972
497,Allison Henry,(409)962-3708x52255,Project Manager,"Chicago, Illinois",85767
498,Mrs. Deborah Olsen,(890)358-4298x79177,Chief Information Officer,"Tampa Bay, Florida",40851
499,Christopher Hughes,+1-267-440-2102x0311,Custodian,"San Francisco, California",234611
500,Edward Salazar,676-954-3908x4179,Mechanical Engineer,"Syndney, Australia",249235
501,Raymond James,9758829452,General Manager,"Rowley, North Carolina",175824
502,Corey Choi,640-416-2632,Chief Information Officer,"Tampa Bay, Florida",146630
503,Joseph Baker,228.342.9087,Mechanical Engineer,"Rowley, North Carolina",83272
504,Jessica Tran,+1-309-378-9616x19626,Administrative Assistant,"Hartford, Connecticut",159621
505,Johnny Parker,001-554-426-7918x3382,Accountant,"Tokyo, Japan",110404
506,Kenneth Hall,504.216.6835x1389,Recruiter,"Hartford, Connecticut",40731
507,Kenneth Mullen,2098907965,Data Analyst,"San Francisco, California",141283
508,Christopher Marquez,(823)289-8110x480,Actuary,"Hartford, Connecticut",180539
509,Holly Mata,7875086550,Network Engineer,"Washington, DC",75910
510,Savannah Lowe,(962)903-9103x846,CEO,"Hartford, Connecticut",39143
511,April Miller,+1-489-272-5046,Custodian,"Chicago, Illinois",127887
512,Timothy Casey,+1-627-861-6555x9924,Database Developer,"Austin, Texas",152531
513,Raymond Fernandez,4114071335,Mechanical Engineer,"Washington, DC",144628
514,George Brown,001-911-917-9985x455,Administrative Assistant,"London, UK",64996
515,Karen Parsons,356.615.9499x68160,Security,"Boston, Massachusetts",202759
516,Alexis May,(666)380-2081x836,Accountant,"San Francisco, California",60590
517,Zachary Miller,813.598.1258x340,Custodian,"Boston, Massachusetts",64624
518,Troy Arnold,413.702.1325x8225,Executive Director,"San Francisco, California",207758
519,Joanne Lopez,6574341290,CEO,"Rowley, North Carolina",47960
520,Brian Bennett,540.731.8369x20040,Graphic Designer,"Washington, DC",213210
521,Zachary Chambers,246-952-7201x45050,Administrative Specialist,"Tokyo, Japan",207718
522,Mark Richardson,001-919-761-3734x55694,Marketing Inter,"San Francisco, California",65101
523,Christian Farmer,206-852-3576x2365,Secretary,"Tokyo, Japan",87784
524,Daniel Munoz,645-392-2410x224,Administrative Specialist,"Chicago, Illinois",107053
525,Jennifer Brandt,001-419-332-7932x618,Administrative Specialist,"Tokyo, Japan",75953
526,Alexander Fernandez,001-441-457-1718x49115,Civil Engineer,"Rowley, North Carolina",142344
527,Heidi Scott,7647180320,Information Technology,"Tokyo, Japan",162808
528,Kenneth Thomas,458.530.0141x4248,Secretary,"Chicago, Illinois",165867
529,Alexandra Bass,838-735-5387,Project Manager,"San Francisco, California",196929
530,Gene Duncan,(541)972-1637x47404,Secretary,"Syndney, Australia",154947
531,Matthew Hull,001-824-513-3914x407,General Manager,"Chicago, Illinois",184919
532,Christopher Adkins,780-437-6670x726,Administrative Specialist,"London, UK",47315
533,Angela Williams,001-832-315-0781x09847,Security,"Washington, DC",195313
534,Diane Delacruz,001-824-548-4213x839,Industrial EngineerSoftware Engineer,"Chicago, Illinois",186370
535,Elizabeth Wood,001-374-761-2221x141,Maintenance Worker,"Hartford, Connecticut",120799
536,David Horton,(289)250-8201,Project Manager,"Hartford, Connecticut",114747
537,Shari Burnett,968.359.1426x7840,Mechanical Engineer,"London, UK",211748
538,Lauren Miller,001-789-487-4534x79439,Marketing,"Boston, Massachusetts",89991
539,John Rogers,578.224.3518,Administrative Assistant,"Tampa Bay, Florida",238193
540,Beth Johnson,001-779-862-5665x0789,Data Analyst,"Tokyo, Japan",233106
541,Tracy Mcguire,594-724-1963,Project Manager,"Austin, Texas",198156
542,Anna Cooper,001-733-560-0127,Communications Specialist,"Austin, Texas",162296
543,Katherine Browning,001-516-826-9060,Project Manager,"Rowley, North Carolina",101745
544,Mary Johnston,(800)554-7214x92991,Operations Manager,"Hartford, Connecticut",34762
545,Cindy Harrington,911-206-1792,Custodian,"London, UK",70462
546,Kristy Hernandez,001-512-698-7353x49775,Executive Director,"Tokyo, Japan",146307
547,Jimmy Morales,855-422-0759,Marketing Inter,"Chicago, Illinois",152913
548,Michael Dean,6548405835,Project Manager,"Washington, DC",147646
549,Jeffrey Smith,561-828-7890x798,Chief Information Officer,"Boston, Massachusetts",73198
550,Sandra Miller,472-530-7355,Telemarketing Representative,"Chicago, Illinois",87439
551,Matthew Little,(936)578-0054x313,Graphic Designer,"Tokyo, Japan",148794
552,Matthew Christensen,9369236875,Actuary,"Hartford, Connecticut",75048
553,Julia Wu,+1-854-485-7114x748,Civil Engineer,"Tampa Bay, Florida",171597
554,Mark Johnson,584.594.3303,Industrial EngineerSoftware Engineer,"Tokyo, Japan",142917
555,James Mcfarland,655-635-3309x100,Project Manager,"Syndney, Australia",72630
556,Amber Pham,894-651-4690x575,Recruiter,"Hartford, Connecticut",192638
557,Michael Velez,+1-337-779-4923x096,Marketing,"Tampa Bay, Florida",108375
558,Bob Rodriguez,861-365-2573x910,Industrial EngineerSoftware Engineer,"Chicago, Illinois",32596
559,Christopher Massey,(818)200-0418,CEO,"Boston, Massachusetts",230869
560,Katelyn Moss,902-734-6207x4612,Project Manager,"Tokyo, Japan",209168
561,Pamela Livingston,644.728.1195x420,Administrative Assistant,"San Francisco, California",117226
562,Joseph Shaw,946.871.2222,Telemarketing Representative,"San Francisco, California",92800
563,Sonya Paul,704-303-7880,Project Manager,"Syndney, Australia",242129
564,Andrew Jones,950.381.7794x907,Custodian,"Hartford, Connecticut",145713
565,Robyn Turner,493-378-4385x127,Industrial EngineerSoftware Engineer,"Rowley, North Carolina",216147
566,Erika Rojas,857.419.2491x27294,Custodian,"Boston, Massachusetts",157592
567,Dalton Mitchell,536.789.0839x14008,Secretary,"London, UK",87564
568,John Robertson,4628953817,Maintenance Worker,"Tokyo, Japan",47932
569,Vickie Morton,442.207.9222x157,SEO,"Tokyo, Japan",199679
570,Mr. Benjamin Anderson,+1-423-681-6777x673,General Manager,"Syndney, Australia",49196
571,Andrew Williams,361-707-5226x039,Data Analyst,"Tokyo, Japan",200463
572,Dana Gibbs,(720)536-8663,Branch Manager,"Austin, Texas",237497
573,Matthew Smith,4146887040,Database Developer,"London, UK",86191
574,Lisa Moody,001-272-761-6849x299,Mechanical Engineer,"Washington, DC",225211
575,Geoffrey Hansen,(723)921-3578x265,CEO,"Syndney, Australia",81293
576,Allison Romero,908.373.2926x8456,Branch Manager,"Tampa Bay, Florida",44505
577,Jacqueline Green,001-984-640-1508,Custodian,"Tampa Bay, Florida",96080
578,Jennifer Mendez,(601)556-4065,Recruiter,"London, UK",118059
579,Joel Hunt,(289)273-6315x515,Actuary,"Hartford, Connecticut",80873
580,Traci Walters,298-605-1087x90099,Accountant,"Washington, DC",89410
581,Aaron Andrews,603.662.5233x176,Marketing,"San Francisco, California",43978
582,Emma Pham,8188156783,Project Manager,"London, UK",203942
583,Lynn Nguyen,2483481241,Civil Engineer,"Tampa Bay, Florida",185031
584,Kathleen Newton,+1-496-907-1583x45763,Communications Specialist,"Washington, DC",243057
585,Kevin Mills,8972469914,Branch Manager,"Austin, Texas",169758
586,David Riley,001-809-980-1412,Information Technology,"Boston, Massachusetts",184704
587,Faith Bowers,001-225-804-3842x295,Civil Engineer,"Chicago, Illinois",170267
588,Terry Lopez,+1-840-946-1073x9220,Marketing,"Washington, DC",62343
589,Mindy Armstrong,+1-942-904-3821x7826,Administrative Assistant,"Boston, Massachusetts",105034
590,Ann Jackson,(417)900-6635,Maintenance Worker,"Austin, Texas",48668
591,Alexandra Lang,5752876992,Human Resources,"Syndney, Australia",184603
592,Tiffany Garcia,(458)257-8002,Recruiter,"Syndney, Australia",130920
593,Danielle Martinez,556-782-7145x086,CEO,"Washington, DC",144815
594,Jason Long,(790)389-7790x14849,Chief Information Officer,"Tampa Bay, Florida",141720
595,Dwayne Mack,+1-763-809-3694x5888,Civil Engineer,"Austin, Texas",145521
596,Tracy Stewart,446-349-4241x01124,Marketing,"Syndney, Australia",153700
597,Sarah Gomez,(723)601-1533x088,Data Analyst,"San Francisco, California",161435
598,Christopher Wheeler,001-766-336-7318,Operations Manager,"San Francisco, California",234659
599,Eric Sexton,460-977-6763x5283,Actuary,"Hartford, Connecticut",60689
600,Dave Gomez,(911)535-8179,Accountant,"London, UK",239220
601,Sheila Thomas,390.872.8437x099,Branch Manager,"Tampa Bay, Florida",134673
602,Chase Barber,967-486-1861x8266,Data Analyst,"Tampa Bay, Florida",199326
603,Catherine Rivera,3299196887,Branch Manager,"Washington, DC",198912
604,David Simon,530.558.1078x38394,General Manager,"Boston, Massachusetts",152585
605,Chad Norman,001-342-385-0593,Human Resources,"Rowley, North Carolina",139013
606,Margaret Larson,001-885-943-7758,Database Developer,"Chicago, Illinois",42964
607,Vicki Morales,957-631-2369x890,CEO,"Austin, Texas",217104
608,Donna Marsh,001-813-359-4654x0218,Chief Information Officer,"Tokyo, Japan",153700
609,Alicia Madden,001-228-903-0572x51450,Telemarketing Representative,"Boston, Massachusetts",95477
610,Savannah Perez,(275)716-0287x557,Quality Assurance,"Rowley, North Carolina",51093
611,Olivia Flores,001-550-707-0820x7153,Security,"Tampa Bay, Florida",80478
612,Courtney Williams,+1-732-364-3303x768,Information Technology,"San Francisco, California",174183
613,Christopher Brown,770-514-4967x042,Security,"Boston, Massachusetts",113647
614,William Edwards,(868)279-7826x49695,Data Analyst,"Hartford, Connecticut",141065
615,Robin Williams,+1-257-551-8938x275,Human Resources,"Washington, DC",75927
616,Julie Arnold,001-928-883-4907x4592,SEO,"Tampa Bay, Florida",97903
617,Joan Henderson,815.234.3159,Graphic Designer,"London, UK",136700
618,Derrick Colon,(611)320-3849x369,General Manager,"Washington, DC",161892
619,Jonathan Gamble,+1-266-268-6488x9009,Marketing Inter,"Syndney, Australia",233749
620,Jason Harris,001-866-999-1713x5060,Executive Director,"Tokyo, Japan",214369
621,Jeremiah Monroe,001-734-423-5708x2727,Mechanical Engineer,"Syndney, Australia",107384
622,Peter Frank,831-398-7198x9618,Marketing,"Austin, Texas",153517
623,Tyler Grimes,001-621-936-2446x063,Quality Assurance,"Chicago, Illinois",118198
624,Melissa Hawkins,376.897.1128,Branch Manager,"Boston, Massachusetts",62681
625,David Rowe,(227)885-3541x33113,Marketing,"Syndney, Australia",40942
626,Terry Mcgrath,756.924.5257,Recruiter,"Tampa Bay, Florida",51463
627,James Mcneil,243.922.1131,Mechanical Engineer,"Tokyo, Japan",187961
628,John Abbott,881.383.0541x66832,General Manager,"Boston, Massachusetts",196990
629,Kathleen Butler,608.963.6142x45623,Maintenance Worker,"Austin, Texas",147715
630,Jordan Chapman,(227)643-1855x00909,Quality Assurance,"Washington, DC",123842
631,Mr. Joseph Blair,(847)472-1337x71249,Custodian,"Tampa Bay, Florida",148515
632,Anna Bean,591-226-8107,Network Engineer,"San Francisco, California",62780
633,Cory Wilson,(285)288-3665x58069,Industrial EngineerSoftware Engineer,"Austin, Texas",190606
634,Heather Garcia,704-569-6424x20220,Marketing Inter,"Syndney, Australia",168743
635,Linda Cunningham,762-335-2748,Quality Assurance,"Tampa Bay, Florida",164362
636,Amy Malone,5819972559,Industrial EngineerSoftware Engineer,"Hartford, Connecticut",237890
637,Emily Hernandez,+1-756-744-2447x299,Marketing,"London, UK",223288
638,Richard Barajas,215-791-2611x39699,Executive Director,"London, UK",198567
639,Diana Jones,552-623-0262x1893,Mechanical Engineer,"Syndney, Australia",211500
640,Kelly Silva,(632)553-9799x2275,Maintenance Worker,"Rowley, North Carolina",141202
641,Edward Warner,490-716-9702,Quality Assurance,"San Francisco, California",154827
642,Jennifer Fisher,483.457.7971x21928,Industrial EngineerSoftware Engineer,"Hartford, Connecticut",179597
643,Nathan Evans,(321)848-1160x842,General Manager,"Tokyo, Japan",110703
644,Kenneth Cantu,800.601.3887x428,Security,"Chicago, Illinois",55893
645,Nicholas White,835.560.8884x909,Actuary,"Washington, DC",52734
646,Dr. Christopher George MD,001-697-212-5739,Communications Specialist,"Chicago, Illinois",110757
647,Kim Sanchez,865-763-1368x30956,Database Developer,"Austin, Texas",136229
648,Kimberly Lucas,430.312.4933x9519,Security,"Washington, DC",152188
649,Jessica Ross,(575)869-5781,Secretary,"Syndney, Australia",228969
650,Jonathan Clark,531.861.9650x707,CEO,"London, UK",93789
651,Jeanette Martinez,(992)282-6434,CEO,"Rowley, North Carolina",97963
652,Lisa Foster,001-339-855-9244x128,Communications Specialist,"Tampa Bay, Florida",62542
653,Joanna Wolf,+1-206-509-5839x3656,Graphic Designer,"Boston, Massachusetts",54693
654,Michael Khan,364.281.9982x3256,Marketing Inter,"Tampa Bay, Florida",83553
655,Stephanie Shepard,896-317-7771x960,Administrative Specialist,"Tampa Bay, Florida",61797
656,Crystal Horne,+1-627-307-5311x07619,Accountant,"Hartford, Connecticut",177115
657,Jenna Taylor,+1-911-531-6530x43136,Human Resources,"London, UK",176699
658,Kendra Ford,4743454314,Network Engineer,"Chicago, Illinois",133118
659,Tiffany Todd,001-835-922-6536x62254,Security,"Hartford, Connecticut",133640
660,Karen Oneill,001-965-900-5499x5905,Project Manager,"Tampa Bay, Florida",155978
661,Tammy Dixon,001-710-521-4721,Accountant,"Rowley, North Carolina",222330
662,Dr. Logan Hubbard,601-200-1569x37229,Security,"Rowley, North Carolina",160126
663,Philip Robinson,+1-863-378-0434x046,Industrial EngineerSoftware Engineer,"Austin, Texas",85033
664,Gina Lindsey,405-742-1807x15245,Accountant,"Tampa Bay, Florida",73450
665,Maria Mendoza,3728695504,Graphic Designer,"Washington, DC",235643
666,April Carroll,5149229704,Operations Manager,"Chicago, Illinois",80308
667,Michele Garcia,(896)221-0148x63124,Custodian,"Washington, DC",199484
668,Whitney Lee,501-876-9562,Accountant,"Syndney, Australia",97739
669,Hannah Pham,306.590.8264x370,Mechanical Engineer,"Washington, DC",69499
670,Emily Walker,(836)921-7853x8199,Security,"Boston, Massachusetts",162344
671,Kelly Jordan,+1-455-784-3879x069,Custodian,"Tokyo, Japan",204315
672,Paul Hunt,+1-443-548-7860,Administrative Assistant,"Rowley, North Carolina",172130
673,Charles Green,001-265-248-4435x8232,Industrial EngineerSoftware Engineer,"Austin, Texas",98791
674,Katie Floyd,(918)621-0726x4448,Recruiter,"San Francisco, California",188166
675,Susan Brooks,673-612-5228x8631,Chief Information Officer,"Austin, Texas",44756
676,Peter Neal,609.552.3085x75580,CEO,"London, UK",43263
677,Jeffrey Hogan,001-369-950-9663,Graphic Designer,"Washington, DC",89862
678,Mary Martin,6663671841,Secretary,"Syndney, Australia",43960
679,Amy Barnes,(695)839-1035x8914,Maintenance Worker,"Chicago, Illinois",143989
680,Tanya Lopez,717-498-4760,Custodian,"Hartford, Connecticut",123363
681,Jeffery Cooley,001-769-772-5011x57659,Mechanical Engineer,"Washington, DC",119818
682,Samantha Banks,797-474-3415,Executive Director,"Tampa Bay, Florida",151785
683,Joyce Jones,(416)850-9399,Civil Engineer,"San Francisco, California",103824
684,Dylan Greer,208.554.2357x240,Data Analyst,"Syndney, Australia",232122
685,Michelle Booth,910-914-6095x66770,Administrative Assistant,"Syndney, Australia",212438
686,Mr. Richard Porter,(200)548-8883x15875,Quality Assurance,"Tokyo, Japan",136265
687,Mark Thomas,(699)228-4943x458,Civil Engineer,"Rowley, North Carolina",154342
688,William Tyler,522-976-3629x535,Graphic Designer,"Chicago, Illinois",165401
689,Debra Perez,525.277.8196x584,Branch Manager,"San Francisco, California",63825
690,Jason Valenzuela,501-730-3495x521,Accountant,"Rowley, North Carolina",77370
691,Wesley Gonzalez,+1-974-698-6928x99457,Marketing,"Austin, Texas",90826
692,Aaron Alexander,(605)739-6779x41994,Graphic Designer,"Hartford, Connecticut",184253
693,Mr. Corey Cain,7854747456,Telemarketing Representative,"Hartford, Connecticut",123528
694,Diana Bishop,288-831-4055,Branch Manager,"Tampa Bay, Florida",117939
695,Aaron Booker,001-476-692-3320x796,Accountant,"Rowley, North Carolina",49571
696,Amanda Moore,001-796-446-8068x973,Administrative Assistant,"London, UK",134359
697,Jerry Morrison,001-470-743-9204x83887,Quality Assurance,"Hartford, Connecticut",58633
698,Steven Haas,(855)524-2940x84186,Chief Information Officer,"Tampa Bay, Florida",222636
699,Amber Flores,+1-263-997-2711,Actuary,"Washington, DC",143204
700,Kevin Brennan,(976)487-8006,Marketing Inter,"Tokyo, Japan",217338
701,Ross Anthony,+1-243-283-7402x13064,Secretary,"Tampa Bay, Florida",47018
702,Andre Wood,001-862-442-1479,Operations Manager,"Washington, DC",225231
703,Michael Pittman,001-442-533-3587x75313,Marketing Inter,"Boston, Massachusetts",132508
704,Jessica Anderson,716-606-2164,Communications Specialist,"Austin, Texas",93146
705,Rebecca Cruz,(291)749-9652x6637,Chief Information Officer,"Tokyo, Japan",104408
706,Misty Roberts,5157238325,Administrative Specialist,"San Francisco, California",181724
707,Evan King,599.736.4065x9390,Secretary,"Rowley, North Carolina",230610
708,Mia Michael,330.909.9174x1722,Operations Manager,"London, UK",54830
709,Alyssa Nichols,(519)414-7678x114,SEO,"Austin, Texas",112718
710,Tammy Anderson,622.739.2509x486,Accountant,"San Francisco, California",35493
711,Spencer Wagner,(675)633-4700,Data Analyst,"Chicago, Illinois",244641
712,Lisa Ruiz,2879624084,CEO,"Syndney, Australia",198217
713,Erin Thomas,001-462-633-7190,Secretary,"Tokyo, Japan",169858
714,Theresa Barajas,7652531712,General Manager,"Syndney, Australia",134141
715,Allison Mcmillan,760.994.7351,Marketing,"Austin, Texas",87212
716,Veronica Lee,+1-326-882-1489x10958,Project Manager,"Tampa Bay, Florida",178130
717,Eric Williams,+1-423-871-5691x6785,Telemarketing Representative,"San Francisco, California",32288
718,Jeffrey Kelly,3458730958,Executive Director,"Chicago, Illinois",59079
719,Monique Anderson,+1-562-601-8605x989,SEO,"Hartford, Connecticut",192542
720,Caleb Mcdonald,(262)255-1930,Recruiter,"Tokyo, Japan",46828
721,Douglas Bright,(262)746-3378x0352,Graphic Designer,"Boston, Massachusetts",33095
722,Aaron Montoya,(514)433-9123x5570,Data Analyst,"Boston, Massachusetts",216710
723,John Christian,(415)371-6860,Administrative Assistant,"San Francisco, California",142258
724,Daniel Monroe PhD,808-487-4510x48425,Project Manager,"Rowley, North Carolina",145524
725,Isaac Lee,725-565-2710x840,Administrative Assistant,"Boston, Massachusetts",193757
726,Riley Jones,996-811-0748,SEO,"Tokyo, Japan",194674
727,Wendy Jordan,676-617-4068,Marketing,"Tokyo, Japan",170685
728,James Drake,(696)417-5692x67036,Graphic Designer,"Rowley, North Carolina",196911
729,Robert Smith,6385035094,Quality Assurance,"London, UK",172239
730,Robert Weeks,4383015769,Quality Assurance,"Washington, DC",189108
731,Doris Parker,844-312-6765x8207,Network Engineer,"San Francisco, California",132752
732,Christina Snyder,972.302.5102x079,Branch Manager,"San Francisco, California",96971
733,Michael Gibson,001-327-588-8224,Database Developer,"London, UK",215293
734,Meghan Olson,+1-602-467-8510x62424,Industrial EngineerSoftware Engineer,"Chicago, Illinois",248128
735,Paula Sweeney,658-438-2835x503,Custodian,"Chicago, Illinois",179888
736,Abigail Dixon,609.309.6208x58667,Graphic Designer,"Tampa Bay, Florida",232329
737,Karl Martin,359-543-7052,Project Manager,"San Francisco, California",191133
738,Laura Avila,6818180364,General Manager,"Rowley, North Carolina",206748
739,Samuel Roth,(629)456-0558,Project Manager,"Hartford, Connecticut",142631
740,Christopher Perez,900.642.9509,Recruiter,"Washington, DC",195110
741,Joshua Donovan,910-556-4276x018,Recruiter,"Washington, DC",89183
742,Jeffrey Obrien,407.483.5514x61639,Database Developer,"Hartford, Connecticut",72345
743,Breanna Miles,771.843.8189x850,Project Manager,"Austin, Texas",141894
744,Jessica Murphy,421.247.1682,Administrative Specialist,"London, UK",71615
745,Amanda Tucker,607-908-4098,Graphic Designer,"San Francisco, California",140282
746,Adam Green MD,(682)974-6051,Branch Manager,"Syndney, Australia",31662
747,Katie Hendricks,+1-834-397-5238,Secretary,"Tokyo, Japan",66749
748,Melissa Lee,794-874-1600x7318,Branch Manager,"San Francisco, California",106318
749,Bonnie Hughes,+1-413-624-5463,Secretary,"London, UK",178494
750,Stephen Robinson,+1-529-240-0231x73507,General Manager,"Tampa Bay, Florida",184106
751,Stephanie Guzman,430-676-4206,Mechanical Engineer,"Syndney, Australia",219629
752,Charles Reeves,001-889-601-2392,Recruiter,"Tokyo, Japan",127314
753,Michelle Zavala,891-939-4217x68664,Actuary,"Tampa Bay, Florida",45170
754,Brooke Odom,+1-435-823-9027x13367,CEO,"Tokyo, Japan",156158
755,Jeremy Martinez,+1-687-746-1884x20102,Security,"Austin, Texas",242885
756,Katie Robinson,+1-499-932-0366,Administrative Specialist,"Hartford, Connecticut",207820
757,Nicole Jenkins,885.804.7773,Project Manager,"San Francisco, California",175614
758,Daniel Freeman,664.488.2872,Data Analyst,"San Francisco, California",38607
759,Mrs. Tiffany Green,6646790229,Human Resources,"Boston, Massachusetts",129576
760,Adam Sparks,(886)589-8199x53482,Project Manager,"Syndney, Australia",162977
761,Brett White,970.760.7484x8611,Telemarketing Representative,"Rowley, North Carolina",238395
762,Judith Rogers,(671)460-1905,Executive Director,"Hartford, Connecticut",194857
763,Amanda Harding,820.305.2464x48277,Quality Assurance,"Tampa Bay, Florida",42503
764,Sarah Gray,510-367-5449x80448,Executive Director,"Rowley, North Carolina",139223
765,Michelle Tran,450.511.4778x35452,Industrial EngineerSoftware Engineer,"San Francisco, California",247907
766,Stacy Alvarez,001-380-931-6659x7720,Industrial EngineerSoftware Engineer,"Hartford, Connecticut",153623
767,Jodi Jackson,001-945-838-8051x4908,Operations Manager,"Tokyo, Japan",48078
768,Julie Hurst,291.878.2064,Chief Information Officer,"Chicago, Illinois",242476
769,Ricardo Johnson,001-227-429-0044x78551,Secretary,"Washington, DC",181395
770,Megan Flowers,(332)569-2115x61701,Accountant,"Tokyo, Japan",62664
771,Anthony Cox,001-628-967-8372x136,Security,"Tokyo, Japan",184688
772,Michele Richards,293.745.5532,Operations Manager,"London, UK",79493
773,Charles Joseph,001-312-616-2420x02882,Maintenance Worker,"Washington, DC",103205
774,Sarah Rogers,815.693.3723x158,Recruiter,"Washington, DC",229769
775,Brenda Jones,+1-793-252-4688x43260,Accountant,"Hartford, Connecticut",52864
776,Susan Phillips,+1-869-228-8529x353,Administrative Specialist,"Rowley, North Carolina",190778
777,Patricia Rowe,+1-738-670-6809x22687,General Manager,"Boston, Massachusetts",169701
778,Jodi Ellis,+1-778-576-9627,General Manager,"Austin, Texas",228974
779,Joseph Brewer,(963)301-7905x71520,Branch Manager,"Boston, Massachusetts",182117
780,Shannon Pratt,4128375848,Marketing Inter,"Tokyo, Japan",106893
781,Nicole Spencer,422-622-6624,Human Resources,"Rowley, North Carolina",128427
782,Nancy Humphrey,+1-358-850-9296x4155,Recruiter,"Syndney, Australia",244915
783,Cynthia Ramos,802.256.8924,Marketing Inter,"Chicago, Illinois",216713
784,Calvin Morgan,+1-627-874-6471x918,Telemarketing Representative,"Hartford, Connecticut",188831
785,John Allen,649.725.1311,Operations Manager,"Austin, Texas",117786
786,Kim Estrada,001-934-991-7125,Civil Engineer,"Boston, Massachusetts",37945
787,Kevin Ingram,8696401825,Maintenance Worker,"Syndney, Australia",63157
788,Alexandra Anderson,+1-440-844-6319x914,CEO,"Tampa Bay, Florida",120381
789,Amy Collier,9434079519,Secretary,"Hartford, Connecticut",210841
790,Patrick Shepherd,+1-330-278-2351x34626,Database Developer,"Austin, Texas",77727
791,Sarah Robertson,284-615-9264,Maintenance Worker,"Tampa Bay, Florida",185961
792,Kyle Wilson,(395)505-3826x107,Civil Engineer,"Hartford, Connecticut",167086
793,Crystal Anderson,001-501-850-6985x182,Accountant,"Hartford, Connecticut",163490
794,Peter Stephens,+1-928-419-3855,Executive Director,"Austin, Texas",144745
795,Kathryn Garcia,+1-964-325-7722x92947,Administrative Assistant,"Tampa Bay, Florida",182401
796,Ethan Smith,2762740014,Chief Information Officer,"London, UK",188796
797,Jacob Hughes,5487275699,Chief Information Officer,"Syndney, Australia",175713
798,Russell Campbell,264.903.8386,Custodian,"Syndney, Australia",130497
799,Michelle Brown,(746)655-5994x7807,Operations Manager,"Tokyo, Japan",137663
800,Eric Fowler,272.566.8684,Network Engineer,"San Francisco, California",78912
801,Donald Rhodes,6347104809,Security,"Chicago, Illinois",242684
802,Cathy Miller,(600)891-2293x56393,Administrative Assistant,"Washington, DC",233812
803,Cindy Miller,586-507-3747x227,Project Manager,"San Francisco, California",58130
804,Dawn Jennings,+1-341-263-7159x5308,Administrative Specialist,"London, UK",64087
805,Hannah King,718-736-6597x37788,Maintenance Worker,"Rowley, North Carolina",109407
806,Robert Lawson,586.345.7369x19591,Branch Manager,"Syndney, Australia",57068
807,Katherine Lopez,(426)387-8400x486,CEO,"Tokyo, Japan",197950
808,Dalton Hanson MD,963-737-2060,Database Developer,"Austin, Texas",58781
809,Andrea Anderson,(384)718-0406,Data Analyst,"Hartford, Connecticut",173424
810,Logan Torres,332-518-9236,Administrative Assistant,"London, UK",164310
811,Tanner Carroll,216.890.8954,Operations Manager,"Rowley, North Carolina",220588
812,Brady Nelson,2926562962,CEO,"Syndney, Australia",65757
813,Teresa Ponce,001-573-588-0725x2023,Civil Engineer,"Hartford, Connecticut",210972
814,Dan Johnson,+1-590-940-9560,Maintenance Worker,"Syndney, Australia",159358
815,Denise Carter,666.240.4659,Recruiter,"Hartford, Connecticut",74693
816,Mary Gonzalez,001-584-538-1005x08174,Industrial EngineerSoftware Engineer,"Rowley, North Carolina",214124
817,Robert Estes,321-592-8662,Communications Specialist,"Boston, Massachusetts",249490
818,Meagan Woodward,297-755-3399,Administrative Assistant,"Rowley, North Carolina",204606
819,Christina Hall,+1-380-589-1139x9326,Data Analyst,"Hartford, Connecticut",80231
820,Mark Stephenson,384.643.1969x89363,Branch Manager,"Syndney, Australia",143646
821,Amy Mcmillan,775-568-4209x363,Graphic Designer,"Syndney, Australia",76299
822,Michael Guerra,+1-389-940-1651,Civil Engineer,"Chicago, Illinois",54647
823,Marc Johnson,001-572-227-0529x998,Industrial EngineerSoftware Engineer,"San Francisco, California",161601
824,Tara Casey,659-204-6077x865,Communications Specialist,"San Francisco, California",195401
825,Daniel Nelson,(385)694-0279,Marketing,"San Francisco, California",159473
826,Debra Osborn,(626)950-6313,Administrative Specialist,"Tampa Bay, Florida",62770
827,Mario Torres,(955)916-1931x03633,Security,"Tampa Bay, Florida",39738
828,Zachary Baker,(677)224-6826x121,Human Resources,"Tokyo, Japan",233434
829,Zachary White,001-979-577-6964x1584,Data Analyst,"Rowley, North Carolina",225480
830,Adam Alvarez,+1-982-219-8018x228,Marketing Inter,"Syndney, Australia",191895
831,Carla Bennett DVM,+1-370-285-1757,Chief Information Officer,"Washington, DC",117833
832,Zachary Hernandez,001-973-640-5249x0482,Communications Specialist,"Tampa Bay, Florida",231630
833,Anna Nicholson,389.853.3096,CEO,"Boston, Massachusetts",114362
834,Kenneth Wright,805.697.8919x40937,Chief Information Officer,"Washington, DC",212028
835,Paula Yang,(231)260-3774,Executive Director,"Boston, Massachusetts",207048
836,Laurie Owens,+1-735-235-7263x6349,Actuary,"Rowley, North Carolina",239408
837,Tina Delgado,490.982.9856,General Manager,"Washington, DC",127250
838,Brianna Prince,9472483176,Industrial EngineerSoftware Engineer,"Chicago, Illinois",120710
839,Keith Hernandez,(828)940-0107x75823,Executive Director,"Tampa Bay, Florida",83476
840,Rodney Owens,243-605-8350x630,Operations Manager,"London, UK",192160
841,Nathan Martinez III,259.979.9003x9736,Graphic Designer,"Chicago, Illinois",159785
842,Joseph Brown,(505)993-0435,Network Engineer,"San Francisco, California",136438
843,Laura Ellis,338-681-3051,Mechanical Engineer,"Rowley, North Carolina",52210
844,Sean Watson,+1-525-272-7972x673,Marketing Inter,"Boston, Massachusetts",136983
845,Dennis Barnes,+1-479-713-6172x616,Data Analyst,"Hartford, Connecticut",220825
846,Crystal Jones,(871)665-0687,Branch Manager,"Rowley, North Carolina",126785
847,Shannon Garrett,353.936.2924,Actuary,"Boston, Massachusetts",65453
848,David Burke,(689)991-5745x66887,Chief Information Officer,"Tokyo, Japan",98196
849,Scott Watkins,001-516-416-1590x3561,SEO,"Boston, Massachusetts",50010
850,Joseph Taylor,001-205-828-5868x585,Database Developer,"Boston, Massachusetts",241149
851,Cory Reed,766-440-4734x429,Quality Assurance,"Tampa Bay, Florida",218920
852,Michelle Clark,+1-541-976-2167x860,Recruiter,"Rowley, North Carolina",195128
853,Wendy Harris,001-514-202-9257,Information Technology,"Austin, Texas",136481
854,Sheila Stanley,+1-665-219-4977x51771,Administrative Assistant,"Tokyo, Japan",45629
855,Miss Laura Aguilar MD,369-609-6736x760,Marketing,"Syndney, Australia",47937
856,James Becker,+1-963-594-1538x955,Industrial EngineerSoftware Engineer,"Austin, Texas",147861
857,Kristen Gutierrez,200.581.6740,Actuary,"Austin, Texas",172731
858,Diane Buchanan,001-435-567-5747,Branch Manager,"London, UK",85794
859,Michael Mason,388.696.1766,Industrial EngineerSoftware Engineer,"Syndney, Australia",187614
860,Jake Lopez,+1-341-722-4447x88836,Maintenance Worker,"San Francisco, California",209667
861,Wesley Obrien,(517)282-8783x19130,Accountant,"Austin, Texas",133810
862,Jennifer Reeves,353-451-5288,Chief Information Officer,"Hartford, Connecticut",249469
863,Maria Beck,727-890-0798x8363,Network Engineer,"Chicago, Illinois",93145
864,Jerome Snyder,+1-465-875-8379x03365,Security,"San Francisco, California",119146
865,Charlene Evans,249-491-9872,Marketing,"Tokyo, Japan",181374
866,David Horton,866-216-7592x53948,Information Technology,"Tampa Bay, Florida",206409
867,David Villarreal,556.598.6707,Marketing Inter,"San Francisco, California",134082
868,Shelley Nguyen,001-913-671-5070x06345,Civil Engineer,"San Francisco, California",101005
869,Dr. Anna Delacruz,+1-834-831-0074,Quality Assurance,"Washington, DC",130486
870,Bryan Robinson,323.623.0479x60390,Chief Information Officer,"Austin, Texas",223253
871,Yolanda Webster,(605)292-0078x80947,Operations Manager,"Rowley, North Carolina",41238
872,Alicia Stewart,001-889-913-0030x118,General Manager,"Syndney, Australia",144253
873,Ms. Heather Nunez,+1-601-630-2397,Project Manager,"Washington, DC",66977
874,Andrew Long,345-839-4147x8031,Telemarketing Representative,"San Francisco, California",210280
875,Jason Smith,707.751.0323x701,Maintenance Worker,"Boston, Massachusetts",123424
876,Edward Lewis,2707309942,Branch Manager,"Syndney, Australia",133250
877,Brittany Wells,(394)675-3649,Security,"Syndney, Australia",89496
878,Leslie Powers,(886)227-4544,Information Technology,"San Francisco, California",93320
879,Jonathan Howard,815-989-0096,Maintenance Worker,"Rowley, North Carolina",128775
880,Leah Dougherty,5089265129,Chief Information Officer,"Washington, DC",161293
881,Melissa Davis,(291)763-4105,Custodian,"Boston, Massachusetts",222390
882,Tiffany Zamora,9804675050,Industrial EngineerSoftware Engineer,"Syndney, Australia",130779
883,Beth Bennett,981-574-1223x08209,Secretary,"Syndney, Australia",46093
884,Maureen Thompson,(840)219-0827x862,Administrative Specialist,"Rowley, North Carolina",99958
885,Robert Mcbride,+1-601-510-1587x5941,Graphic Designer,"Tokyo, Japan",141578
886,Jason Gardner MD,+1-460-972-6359x43627,Data Analyst,"Rowley, North Carolina",44743
887,Darlene Carpenter,228-820-0977x02692,Custodian,"Syndney, Australia",235771
888,Shelly Gonzalez,(283)989-1707,Network Engineer,"Rowley, North Carolina",211613
889,Brandon Taylor,768-754-9971x7436,Mechanical Engineer,"London, UK",241919
890,Keith Clark,(924)623-6394x20347,Recruiter,"London, UK",143328
891,Mrs. Elizabeth Wilson DVM,+1-356-551-9776x037,Recruiter,"Tokyo, Japan",116776
892,Vanessa Vang,598-404-7224x73210,Communications Specialist,"San Francisco, California",151819
893,Robert Kline,+1-818-747-5757x884,Operations Manager,"Boston, Massachusetts",202234
894,Sandra Little,(508)249-8924,Database Developer,"London, UK",43411
895,Elizabeth Cooke,+1-471-615-6663,Mechanical Engineer,"Boston, Massachusetts",186511
896,Angel Martinez,+1-558-715-6862x52979,Operations Manager,"London, UK",57024
897,John Wolf,246.545.4751x65037,Graphic Designer,"Washington, DC",47883
898,Diane Heath,(475)947-3946x64960,Mechanical Engineer,"Hartford, Connecticut",213185
899,Jennifer Mccarty,(431)992-5004x185,Communications Specialist,"Washington, DC",190276
900,Amanda Carter,258-907-8964,Database Developer,"Rowley, North Carolina",239183
901,Ian Barnes,898-887-5836x2294,Telemarketing Representative,"London, UK",131835
902,Kevin Reed,253-293-5657x3455,General Manager,"Hartford, Connecticut",196098
903,Vanessa Miller,423.323.7558x82986,Marketing,"Hartford, Connecticut",238894
904,Douglas Blake,986.242.5891,Security,"Boston, Massachusetts",227431
905,Mark Salazar,512-441-2970,Mechanical Engineer,"London, UK",225051
906,Kyle Stafford,551.831.9200x1262,SEO,"Boston, Massachusetts",204809
907,Benjamin Sanford,716-412-4887x14932,Recruiter,"Hartford, Connecticut",146264
908,Sandra Austin,2859124490,Administrative Assistant,"Rowley, North Carolina",218239
909,Linda Morris,529.702.6282,Recruiter,"Boston, Massachusetts",194853
910,Ryan Porter,7403479921,Database Developer,"Austin, Texas",147674
911,Elizabeth Schultz,2879248273,Communications Specialist,"San Francisco, California",148734
912,Kaitlyn Martinez,001-308-449-0554x13195,CEO,"Rowley, North Carolina",35658
913,Tonya Chambers,(404)363-4070x958,Telemarketing Representative,"Tampa Bay, Florida",216034
914,Timothy Johnson,609.694.4754,Data Analyst,"Syndney, Australia",129806
915,Olivia Brown,(716)242-4728x33573,General Manager,"Hartford, Connecticut",91980
916,Kimberly Benson,641-871-1521,Administrative Specialist,"Tampa Bay, Florida",42002
917,Mark Bailey,9796777065,Data Analyst,"Tampa Bay, Florida",61168
918,Heather West,+1-872-503-2382x5497,Marketing,"Tokyo, Japan",54800
919,Ryan Johnson,+1-770-368-5388x35457,Data Analyst,"Syndney, Australia",30978
920,Julie Martin,001-525-884-1315x09677,Civil Engineer,"Syndney, Australia",38219
921,Jessica Rodriguez,558-934-6850x508,Accountant,"Austin, Texas",220602
922,Walter Hancock,508-648-6007,Executive Director,"Boston, Massachusetts",45300
923,Chad Dougherty,929-951-3352x5782,Graphic Designer,"Hartford, Connecticut",108328
924,Timothy Weaver,338.844.4926x152,Administrative Specialist,"Boston, Massachusetts",43648
925,Lisa White,(760)745-7919,Actuary,"Washington, DC",175253
926,James Moore,(592)476-5584,SEO,"Tampa Bay, Florida",119630
927,Jay Miller,+1-422-727-5156x73352,Civil Engineer,"Chicago, Illinois",123919
928,John Kelly,590-407-3977,Security,"Washington, DC",153218
929,Corey Pacheco,001-691-961-6649x33717,Recruiter,"Rowley, North Carolina",107902
930,David Strong,+1-334-930-2502x2648,Mechanical Engineer,"Rowley, North Carolina",85102
931,Christy Floyd,3979792318,Maintenance Worker,"Tampa Bay, Florida",154430
932,Sandra Santos,293-221-5935x7673,Communications Specialist,"Austin, Texas",143724
933,Deborah Hernandez,322.903.4014x0112,General Manager,"Washington, DC",65569
934,Richard Carlson,292.624.5617x348,Accountant,"Rowley, North Carolina",52104
935,Steven Gibson Jr.,861-618-9774,Secretary,"Washington, DC",97676
936,Linda Martinez,001-447-524-1389,Chief Information Officer,"Austin, Texas",120136
937,Mary Baker,590-887-3358x6639,General Manager,"Boston, Massachusetts",32587
938,Lawrence Davis,204-774-6614x542,General Manager,"Tokyo, Japan",120087
939,Melissa Buckley,(758)611-1821,Administrative Assistant,"Tampa Bay, Florida",57104
940,Kristina Nelson,998.491.6265,Administrative Specialist,"London, UK",61603
941,Lisa Stuart,(641)484-6467x4244,Mechanical Engineer,"Austin, Texas",227770
942,James Bush,658-576-5201,Database Developer,"Chicago, Illinois",80171
943,Ashley Clark,001-395-664-9934,Administrative Assistant,"London, UK",194474
944,Ann Stewart,+1-953-330-3818x3773,Project Manager,"Boston, Massachusetts",112630
945,Timothy Harris,2643930790,Marketing,"Syndney, Australia",67160
946,Christopher Thompson,+1-280-423-7767x2298,Project Manager,"London, UK",126905
947,Linda Carter,001-796-563-5973x93750,Marketing,"San Francisco, California",241910
948,Michael Welch,936-774-4854x10862,Mechanical Engineer,"Tampa Bay, Florida",238925
949,Donald Boone,+1-689-567-3352x573,Branch Manager,"Boston, Massachusetts",96588
950,Richard Johnson,001-403-971-4475x6116,SEO,"San Francisco, California",96836
951,Casey Stewart,+1-458-687-7473x364,Mechanical Engineer,"Boston, Massachusetts",66789
952,Lauren Nguyen,6689502581,Chief Information Officer,"Hartford, Connecticut",234907
953,Lisa Cross,993-409-7724x87648,Data Analyst,"Chicago, Illinois",80702
954,Paul Bright,+1-947-859-0390x71503,Information Technology,"Tokyo, Japan",85634
955,Alexis Fox,440.268.5291,Human Resources,"London, UK",86683
956,Sabrina Gray,(570)692-5540,Branch Manager,"Syndney, Australia",113479
957,Courtney Nelson,5767549282,Recruiter,"Chicago, Illinois",179522
958,Kristen Horn,2135838802,Industrial EngineerSoftware Engineer,"Austin, Texas",55799
959,Kevin Cunningham,2634756455,Marketing,"Washington, DC",159404
960,Jordan Sims,247-316-3141,Recruiter,"Syndney, Australia",106751
961,Virginia Rodriguez,001-645-788-4713x24305,Executive Director,"Syndney, Australia",196326
962,Chris Fox,566-459-3071,Quality Assurance,"London, UK",88879
963,Amber Rose DVM,(970)278-6813,CEO,"San Francisco, California",189670
964,Robert Price DDS,7836318418,Network Engineer,"Rowley, North Carolina",221398
965,Carla Smith,(783)229-3362x2251,Marketing,"Hartford, Connecticut",66591
966,Joseph Fuentes,431-407-7030x962,Mechanical Engineer,"Hartford, Connecticut",225874
967,Kyle Charles,264.509.1638,Administrative Assistant,"Tampa Bay, Florida",151990
968,Brian Lynch,8154666453,Custodian,"Syndney, Australia",139782
969,Danielle Cunningham,2678593434,Recruiter,"Tampa Bay, Florida",174245
970,Jessica Johnson,(258)511-9132,SEO,"Tokyo, Japan",169927
971,Anthony Mack,848-468-9366,SEO,"Tampa Bay, Florida",183522
972,Suzanne Snyder,001-887-985-4061x279,Information Technology,"Washington, DC",102671
973,Thomas Cardenas,(554)731-4465,Mechanical Engineer,"Tampa Bay, Florida",94000
974,Monica Cruz,001-601-798-7264,Executive Director,"Rowley, North Carolina",144497
975,Shannon Atkins,001-859-386-7938x044,Civil Engineer,"Tokyo, Japan",117496
976,Jeffrey Estrada,001-282-991-5023,General Manager,"London, UK",87248
977,Christopher Soto,(450)512-1003x967,Marketing Inter,"Tokyo, Japan",75172
978,Diane Gillespie,419-524-1448x4299,Telemarketing Representative,"Hartford, Connecticut",140673
979,Sierra Merritt,001-684-738-8906x24699,Network Engineer,"Chicago, Illinois",227824
980,Joseph Landry,575.695.5019,Telemarketing Representative,"Tokyo, Japan",121828
981,Thomas Compton,+1-420-662-0372,Industrial EngineerSoftware Engineer,"Austin, Texas",196995
982,Ms. Mary Elliott,(393)822-9000x099,Graphic Designer,"Chicago, Illinois",35507
983,Craig Davis Jr.,420.303.4816,Information Technology,"Washington, DC",138977
984,Michael Berg,880-228-5498,Database Developer,"Austin, Texas",98223
985,Lori Mendoza,(807)847-4054x154,Quality Assurance,"London, UK",185388
986,Kevin Green,712-653-8761x96995,Mechanical Engineer,"Rowley, North Carolina",167713
987,Courtney Graham,798.887.7063x07240,Secretary,"Tampa Bay, Florida",179067
988,Maxwell Larson,(633)528-9410,Secretary,"Washington, DC",117066
989,Robert Howard,001-714-237-2487x7903,Mechanical Engineer,"Tokyo, Japan",49112
990,Jennifer Pham,+1-440-349-5609,Chief Information Officer,"Tokyo, Japan",237763
991,Brett Durham,+1-975-948-5125x754,Civil Engineer,"London, UK",236914
992,Jennifer Evans,319.822.5403x5729,Mechanical Engineer,"San Francisco, California",87770
993,Joshua Downs,230.536.1422,Civil Engineer,"Boston, Massachusetts",32215
994,Steven May,+1-380-753-9259x265,Recruiter,"Rowley, North Carolina",163054
995,Terri Lutz,798-501-2712x80779,Project Manager,"Boston, Massachusetts",184154
996,Tyler Dean,315-843-7473x441,Executive Director,"Boston, Massachusetts",172549
997,Edward Lambert,001-917-689-1756,Chief Information Officer,"Boston, Massachusetts",160585
998,Jessica Chan,+1-619-946-8876x09700,Network Engineer,"Boston, Massachusetts",115933
999,Paige Le,991.984.0800x6616,Industrial EngineerSoftware Engineer,"Washington, DC",249827
1000,Connor Harrison,(586)953-2519x410,Accountant,"Hartford, Connecticut",196031
